iter	MultiClass_SumError	MultiClass_SumWeight
0	1131622.064	1042606.638
1	1118292.04	1042606.638
2	1108919.999	1042606.638
3	1101839.237	1042606.638
4	1094664.254	1042606.638
5	1086880.273	1042606.638
6	1081796.494	1042606.638
7	1075408.765	1042606.638
8	1071874.711	1042606.638
9	1066484.686	1042606.638
10	1062357.889	1042606.638
11	1058904.224	1042606.638
12	1055746.285	1042606.638
13	1053256.381	1042606.638
14	1051613.671	1042606.638
15	1047977.884	1042606.638
16	1046786.415	1042606.638
17	1046093.886	1042606.638
18	1044557.858	1042606.638
19	1043671.09	1042606.638
20	1041897.973	1042606.638
21	1041210.859	1042606.638
22	1041488.698	1042606.638
23	1040088.73	1042606.638
24	1039935.268	1042606.638
25	1037848.391	1042606.638
26	1038214.654	1042606.638
27	1038412.62	1042606.638
28	1038589.888	1042606.638
29	1037438.071	1042606.638
30	1036297.21	1042606.638
31	1035605.127	1042606.638
32	1035616.813	1042606.638
33	1034661.721	1042606.638
34	1035032.336	1042606.638
35	1034795.236	1042606.638
36	1034932.11	1042606.638
37	1034189.874	1042606.638
38	1033151.027	1042606.638
39	1034167.3	1042606.638
40	1032924.957	1042606.638
41	1031954.809	1042606.638
42	1031817.451	1042606.638
43	1031929.937	1042606.638
44	1031850.749	1042606.638
45	1031655.064	1042606.638
46	1032055.119	1042606.638
47	1031244.535	1042606.638
48	1030865.581	1042606.638
49	1030874.036	1042606.638
50	1031618.685	1042606.638
51	1031636.982	1042606.638
52	1031920.228	1042606.638
53	1031966.022	1042606.638
54	1032821.839	1042606.638
55	1032669.221	1042606.638
56	1032238.843	1042606.638
57	1031707.215	1042606.638
58	1031725.605	1042606.638
59	1032049.18	1042606.638
60	1032076.09	1042606.638
61	1030835.301	1042606.638
62	1031104.487	1042606.638
63	1031551.442	1042606.638
64	1031987.888	1042606.638
65	1032170.524	1042606.638
66	1032407.682	1042606.638
67	1032712.005	1042606.638
68	1032365.913	1042606.638
69	1032665.085	1042606.638
70	1032994.537	1042606.638
71	1033127.044	1042606.638
72	1032872.549	1042606.638
73	1033291.434	1042606.638
74	1033051.128	1042606.638
75	1032922.461	1042606.638
76	1032870.239	1042606.638
77	1032927.808	1042606.638
78	1032773.347	1042606.638
79	1032721.993	1042606.638
80	1032842.444	1042606.638
81	1032630.723	1042606.638
82	1032770.42	1042606.638
83	1032673.097	1042606.638
84	1032711.608	1042606.638
85	1032660.701	1042606.638
86	1032992.658	1042606.638
87	1033194.423	1042606.638
88	1033293.227	1042606.638
89	1033111.564	1042606.638
90	1032881.171	1042606.638
91	1033344.05	1042606.638
92	1033427.48	1042606.638
93	1033375.107	1042606.638
94	1033409.054	1042606.638
95	1033405.775	1042606.638
96	1033791.956	1042606.638
97	1033821.98	1042606.638
98	1033798.548	1042606.638
99	1033820.303	1042606.638
100	1033959.992	1042606.638
101	1033638.85	1042606.638
102	1033855.493	1042606.638
103	1034167.389	1042606.638
104	1034422.187	1042606.638
105	1034749.921	1042606.638
106	1034677.742	1042606.638
107	1034986.289	1042606.638
108	1035207.99	1042606.638
109	1035025.682	1042606.638
110	1034767.214	1042606.638
111	1034541.928	1042606.638
112	1034205.684	1042606.638
113	1034403.891	1042606.638
114	1034083.292	1042606.638
115	1034051.869	1042606.638
116	1033412.716	1042606.638
117	1033242.462	1042606.638
118	1033647.134	1042606.638
119	1034106.517	1042606.638
120	1034139.069	1042606.638
121	1033911.302	1042606.638
122	1033830.989	1042606.638
123	1033959.51	1042606.638
124	1034114.49	1042606.638
125	1033987.116	1042606.638
126	1034064.965	1042606.638
127	1034225.391	1042606.638
128	1034171.503	1042606.638
129	1034017.588	1042606.638
130	1034844.625	1042606.638
131	1035074.819	1042606.638
132	1035064.07	1042606.638
133	1035195.236	1042606.638
134	1035395.165	1042606.638
135	1035336.833	1042606.638
136	1035654.784	1042606.638
137	1035534.292	1042606.638
138	1035524.871	1042606.638
139	1035669.678	1042606.638
140	1035740.209	1042606.638
141	1035750.51	1042606.638
142	1035701.306	1042606.638
143	1035934.944	1042606.638
144	1036119.935	1042606.638
145	1035921.385	1042606.638
146	1035950.899	1042606.638
147	1035874.237	1042606.638
148	1035745.695	1042606.638
149	1035556.359	1042606.638
150	1035428.031	1042606.638
151	1035056.825	1042606.638
152	1035059.171	1042606.638
153	1034884.49	1042606.638
154	1034803.734	1042606.638
155	1034445.871	1042606.638
156	1034473.239	1042606.638
157	1034372.187	1042606.638
158	1034155.178	1042606.638
159	1033935.588	1042606.638
160	1033626.703	1042606.638
161	1033766.582	1042606.638
162	1034039.771	1042606.638
163	1034148.145	1042606.638
164	1033883.277	1042606.638
165	1033918.451	1042606.638
166	1033702.257	1042606.638
167	1033732.007	1042606.638
168	1033433.998	1042606.638
169	1033376.405	1042606.638
170	1033252.81	1042606.638
171	1033144.794	1042606.638
172	1033093.584	1042606.638
173	1033170.639	1042606.638
174	1033267.399	1042606.638
175	1033409.663	1042606.638
176	1033194.436	1042606.638
177	1033314.368	1042606.638
178	1033212.954	1042606.638
179	1033290.379	1042606.638
180	1033484.941	1042606.638
181	1033272.823	1042606.638
182	1033150.96	1042606.638
183	1033139.158	1042606.638
184	1033300.047	1042606.638
185	1033561.141	1042606.638
186	1033729.474	1042606.638
187	1033930.063	1042606.638
188	1033826.411	1042606.638
189	1033569.507	1042606.638
190	1033469.578	1042606.638
191	1033633.778	1042606.638
192	1033512.121	1042606.638
193	1033535.596	1042606.638
194	1033655.462	1042606.638
195	1033475.802	1042606.638
196	1033808.219	1042606.638
197	1034056.453	1042606.638
198	1034085.466	1042606.638
199	1034031.373	1042606.638
200	1033826.805	1042606.638
201	1034058.061	1042606.638
202	1034144.61	1042606.638
203	1034139.179	1042606.638
204	1034291.166	1042606.638
205	1033986.363	1042606.638
206	1034074.521	1042606.638
207	1034311.48	1042606.638
208	1034392.665	1042606.638
209	1034487.241	1042606.638
210	1034515.773	1042606.638
211	1034516.994	1042606.638
212	1034352.224	1042606.638
213	1034346.111	1042606.638
214	1034515.019	1042606.638
215	1035023.389	1042606.638
216	1035173.456	1042606.638
217	1035121.472	1042606.638
218	1035038.636	1042606.638
219	1034599.058	1042606.638
220	1034554.541	1042606.638
221	1034465.457	1042606.638
222	1034789.766	1042606.638
223	1034866.58	1042606.638
224	1034985.898	1042606.638
225	1034868.986	1042606.638
226	1034934.357	1042606.638
227	1034987.677	1042606.638
228	1034597.786	1042606.638
229	1034853.97	1042606.638
230	1035126.013	1042606.638
231	1035467.752	1042606.638
232	1035351.877	1042606.638
233	1035304.397	1042606.638
234	1035322.966	1042606.638
235	1036098.119	1042606.638
236	1036025.612	1042606.638
237	1036453.901	1042606.638
238	1036233.371	1042606.638
239	1035993.591	1042606.638
240	1035827.714	1042606.638
241	1035811.634	1042606.638
242	1035491.512	1042606.638
243	1035656.531	1042606.638
244	1035202.295	1042606.638
245	1035059.659	1042606.638
246	1035034.611	1042606.638
247	1035183.9	1042606.638
248	1035026.074	1042606.638
249	1035070.656	1042606.638
250	1035047.826	1042606.638
251	1035200.897	1042606.638
252	1035051.962	1042606.638
253	1034996.712	1042606.638
254	1035274.234	1042606.638
255	1035156.269	1042606.638
256	1035122.991	1042606.638
257	1035317.433	1042606.638
258	1035290.252	1042606.638
259	1035343.941	1042606.638
260	1035589.579	1042606.638
261	1035725.747	1042606.638
262	1035777.782	1042606.638
263	1035842.397	1042606.638
264	1035821.751	1042606.638
265	1035798.63	1042606.638
266	1035893.53	1042606.638
267	1036296.071	1042606.638
268	1036342.89	1042606.638
269	1036498.795	1042606.638
270	1036315.948	1042606.638
271	1036364.896	1042606.638
272	1036390.583	1042606.638
273	1036399.354	1042606.638
274	1036524.026	1042606.638
275	1036662.918	1042606.638
276	1036792.773	1042606.638
277	1036785.399	1042606.638
278	1036754.45	1042606.638
279	1036729.585	1042606.638
280	1036669.871	1042606.638
281	1036671.107	1042606.638
282	1036789.568	1042606.638
283	1036958.938	1042606.638
284	1036605.955	1042606.638
285	1036533.74	1042606.638
286	1036609.943	1042606.638
287	1036675.762	1042606.638
288	1036485.454	1042606.638
289	1036438.453	1042606.638
290	1036347.236	1042606.638
291	1036343.3	1042606.638
292	1036326.971	1042606.638
293	1036415.552	1042606.638
294	1036551.168	1042606.638
295	1036643.481	1042606.638
296	1036715.655	1042606.638
297	1036624.883	1042606.638
298	1036780.504	1042606.638
299	1037052.8	1042606.638
300	1036769.331	1042606.638
301	1036740.649	1042606.638
302	1036634.99	1042606.638
303	1036704.426	1042606.638
304	1036280.554	1042606.638
305	1036401.238	1042606.638
306	1036466.525	1042606.638
307	1036658.754	1042606.638
308	1036519.848	1042606.638
309	1036528.437	1042606.638
310	1036512.708	1042606.638
311	1036695.345	1042606.638
312	1036804.378	1042606.638
313	1036459.232	1042606.638
314	1036215.024	1042606.638
315	1036283.609	1042606.638
316	1036268.279	1042606.638
317	1036730.239	1042606.638
318	1036793.097	1042606.638
319	1036611.777	1042606.638
320	1036639.709	1042606.638
321	1036495.162	1042606.638
322	1036717.787	1042606.638
323	1036741.421	1042606.638
324	1036659.292	1042606.638
325	1036883.942	1042606.638
326	1037004.034	1042606.638
327	1037030.962	1042606.638
328	1037169.525	1042606.638
329	1036872.781	1042606.638
330	1037062.009	1042606.638
331	1037177.681	1042606.638
332	1037460.827	1042606.638
333	1037207.301	1042606.638
334	1037255.541	1042606.638
335	1037299.492	1042606.638
336	1037045.698	1042606.638
337	1037008.937	1042606.638
338	1037093.935	1042606.638
339	1037131.242	1042606.638
340	1037131.942	1042606.638
341	1037070.647	1042606.638
342	1037291.292	1042606.638
343	1037381.876	1042606.638
344	1037490.298	1042606.638
345	1037425.52	1042606.638
346	1037438.841	1042606.638
347	1037817.489	1042606.638
348	1037748.236	1042606.638
349	1038044.728	1042606.638
350	1038080.661	1042606.638
351	1037990.386	1042606.638
352	1038037.645	1042606.638
353	1038137.717	1042606.638
354	1038437.379	1042606.638
355	1038620.563	1042606.638
356	1038791.2	1042606.638
357	1038792.866	1042606.638
358	1038789.533	1042606.638
359	1038902.754	1042606.638
360	1038855.807	1042606.638
361	1039047.092	1042606.638
362	1039094.153	1042606.638
363	1039132.272	1042606.638
364	1039149.194	1042606.638
365	1039244.751	1042606.638
366	1039113.2	1042606.638
367	1038842.353	1042606.638
368	1038855.891	1042606.638
369	1038764.58	1042606.638
370	1038562.044	1042606.638
371	1038586.896	1042606.638
372	1038409.061	1042606.638
373	1038249.849	1042606.638
374	1038485.66	1042606.638
375	1037899.383	1042606.638
376	1037569.549	1042606.638
377	1037697.107	1042606.638
378	1037653.271	1042606.638
379	1037735.521	1042606.638
380	1037739.321	1042606.638
381	1037392.535	1042606.638
382	1037529.045	1042606.638
383	1037533.534	1042606.638
384	1037683.805	1042606.638
385	1037627.448	1042606.638
386	1037739.615	1042606.638
387	1037640.284	1042606.638
388	1037141.764	1042606.638
389	1037368.96	1042606.638
390	1037464.511	1042606.638
391	1037452.568	1042606.638
392	1037269.149	1042606.638
393	1037347.52	1042606.638
394	1037318.654	1042606.638
395	1037360.089	1042606.638
396	1037226.862	1042606.638
397	1037394.844	1042606.638
398	1037418.399	1042606.638
399	1037508.875	1042606.638
400	1037430.946	1042606.638
401	1037598.816	1042606.638
402	1037498.732	1042606.638
403	1037636.2	1042606.638
404	1037402.443	1042606.638
405	1037300.458	1042606.638
406	1037247.226	1042606.638
407	1037605.733	1042606.638
408	1037777.06	1042606.638
409	1037861.387	1042606.638
410	1037627.525	1042606.638
411	1037558.16	1042606.638
412	1037553.801	1042606.638
413	1037624.414	1042606.638
414	1037543.673	1042606.638
415	1037737.11	1042606.638
416	1037797.738	1042606.638
417	1037692.782	1042606.638
418	1037601.16	1042606.638
419	1037415.897	1042606.638
420	1037362.655	1042606.638
421	1037402.192	1042606.638
422	1037318.371	1042606.638
423	1037164.169	1042606.638
424	1037435.728	1042606.638
425	1037364.622	1042606.638
426	1037240.334	1042606.638
427	1037278.773	1042606.638
428	1037340.284	1042606.638
429	1037201.28	1042606.638
430	1037185.225	1042606.638
431	1037158.467	1042606.638
432	1037572.648	1042606.638
433	1037773.259	1042606.638
434	1037746.086	1042606.638
435	1037779.802	1042606.638
436	1037909.928	1042606.638
437	1038195.867	1042606.638
438	1038327.306	1042606.638
439	1038329.63	1042606.638
440	1038282.217	1042606.638
441	1038207.699	1042606.638
442	1038200.675	1042606.638
443	1038181.49	1042606.638
444	1038121.794	1042606.638
445	1038233.861	1042606.638
446	1038142.38	1042606.638
447	1038060.502	1042606.638
448	1037974.46	1042606.638
449	1038134.022	1042606.638
450	1038126.123	1042606.638
451	1038135.078	1042606.638
452	1038058.729	1042606.638
453	1038121.214	1042606.638
454	1038094.186	1042606.638
455	1038122.528	1042606.638
456	1038095.345	1042606.638
457	1037926.238	1042606.638
458	1037845.503	1042606.638
459	1037898.961	1042606.638
460	1037809.317	1042606.638
461	1037850.949	1042606.638
462	1037854.325	1042606.638
463	1037988.153	1042606.638
464	1038158.675	1042606.638
465	1038168.06	1042606.638
466	1038193.817	1042606.638
467	1038354.054	1042606.638
468	1038414.32	1042606.638
469	1038287.699	1042606.638
470	1038610.961	1042606.638
471	1038636.623	1042606.638
472	1038593.383	1042606.638
473	1038645.779	1042606.638
474	1038955.955	1042606.638
475	1038966.419	1042606.638
476	1039203.355	1042606.638
477	1039479.216	1042606.638
478	1039920.34	1042606.638
479	1039986.548	1042606.638
480	1040006.729	1042606.638
481	1039886.793	1042606.638
482	1039900.743	1042606.638
483	1039903.392	1042606.638
484	1040025.907	1042606.638
485	1040656.091	1042606.638
486	1040304.711	1042606.638
487	1040379.309	1042606.638
488	1040521.824	1042606.638
489	1040512.574	1042606.638
490	1040641.618	1042606.638
491	1040847.729	1042606.638
492	1040989.982	1042606.638
493	1041054.568	1042606.638
494	1040432.016	1042606.638
495	1040514.675	1042606.638
496	1040580.968	1042606.638
497	1040669.31	1042606.638
498	1040687.745	1042606.638
499	1040688.842	1042606.638
500	1040742.362	1042606.638
501	1040794.997	1042606.638
502	1040783.175	1042606.638
503	1040727.668	1042606.638
504	1040701.609	1042606.638
505	1040865.395	1042606.638
506	1041094.272	1042606.638
507	1041281.113	1042606.638
508	1041415.301	1042606.638
509	1041093.055	1042606.638
510	1041196.558	1042606.638
511	1041230.029	1042606.638
512	1041274.889	1042606.638
513	1041260.265	1042606.638
514	1041273.821	1042606.638
515	1041339.447	1042606.638
516	1041284.904	1042606.638
517	1041311.801	1042606.638
518	1041416.517	1042606.638
519	1041511.846	1042606.638
520	1041351.384	1042606.638
521	1041470.712	1042606.638
522	1041649.223	1042606.638
523	1041693.416	1042606.638
524	1041776.11	1042606.638
525	1041807.813	1042606.638
526	1041919.685	1042606.638
527	1041931.887	1042606.638
528	1042010.449	1042606.638
529	1042095.13	1042606.638
530	1042198.691	1042606.638
531	1042069.042	1042606.638
532	1042427.096	1042606.638
533	1042380.005	1042606.638
534	1042401.075	1042606.638
535	1042429.934	1042606.638
536	1042465.342	1042606.638
537	1042536.92	1042606.638
538	1042507.016	1042606.638
539	1042518.631	1042606.638
540	1042623.446	1042606.638
541	1042688.322	1042606.638
542	1042548.197	1042606.638
543	1042604.316	1042606.638
544	1042559.928	1042606.638
545	1042648.516	1042606.638
546	1042687.791	1042606.638
547	1042680.794	1042606.638
548	1042866.11	1042606.638
549	1043053.965	1042606.638
550	1043078.873	1042606.638
551	1043207.369	1042606.638
552	1043312.981	1042606.638
553	1043370.757	1042606.638
554	1043498.045	1042606.638
555	1043584.5	1042606.638
556	1043617.293	1042606.638
557	1043544.335	1042606.638
558	1043521.377	1042606.638
559	1043466.126	1042606.638
560	1043402.77	1042606.638
561	1043508.798	1042606.638
562	1043311.167	1042606.638
563	1043323.186	1042606.638
564	1043381.155	1042606.638
565	1043457.639	1042606.638
566	1043353.205	1042606.638
567	1043330.156	1042606.638
568	1043516.293	1042606.638
569	1043439.731	1042606.638
570	1043483.303	1042606.638
571	1043434.937	1042606.638
572	1043567.575	1042606.638
573	1043601.772	1042606.638
574	1043527.748	1042606.638
575	1043589.86	1042606.638
576	1043539.485	1042606.638
577	1043528.535	1042606.638
578	1043540.482	1042606.638
579	1043458.423	1042606.638
580	1043519.751	1042606.638
581	1043387.704	1042606.638
582	1043484.699	1042606.638
583	1043837.011	1042606.638
584	1043794.046	1042606.638
585	1043673.453	1042606.638
586	1043681.805	1042606.638
587	1043669.442	1042606.638
588	1043578.127	1042606.638
589	1044333.292	1042606.638
590	1044401.029	1042606.638
591	1044528.181	1042606.638
592	1044247.623	1042606.638
593	1044359.791	1042606.638
594	1044381.183	1042606.638
595	1044303.858	1042606.638
596	1044563.2	1042606.638
597	1044637.265	1042606.638
598	1044936.894	1042606.638
599	1045108.108	1042606.638
600	1045339.925	1042606.638
601	1045365.836	1042606.638
602	1045287.68	1042606.638
603	1045126.841	1042606.638
604	1045165.594	1042606.638
605	1045216.464	1042606.638
606	1045356.142	1042606.638
607	1045372.616	1042606.638
608	1045332.512	1042606.638
609	1045211.317	1042606.638
610	1045190.919	1042606.638
611	1045122.4	1042606.638
612	1045180.701	1042606.638
613	1045430.067	1042606.638
614	1045504.541	1042606.638
615	1045477.813	1042606.638
616	1045492.725	1042606.638
617	1045338.043	1042606.638
618	1045384.92	1042606.638
619	1045353.213	1042606.638
620	1045557.011	1042606.638
621	1045504.161	1042606.638
622	1045571.598	1042606.638
623	1045639.522	1042606.638
624	1045659.703	1042606.638
625	1045709.739	1042606.638
626	1045771.92	1042606.638
627	1045782.573	1042606.638
628	1045838.432	1042606.638
629	1045873.919	1042606.638
630	1045937.439	1042606.638
631	1045943.649	1042606.638
632	1045882.225	1042606.638
633	1045949.274	1042606.638
634	1045967.608	1042606.638
635	1045949.03	1042606.638
636	1046060.339	1042606.638
637	1046046.263	1042606.638
638	1046080.946	1042606.638
639	1046276.189	1042606.638
640	1046321.309	1042606.638
641	1046363.326	1042606.638
642	1046417.482	1042606.638
643	1046569.163	1042606.638
644	1046597.261	1042606.638
645	1046753.507	1042606.638
646	1046917.189	1042606.638
647	1046978.247	1042606.638
648	1047008.017	1042606.638
649	1047113.282	1042606.638
650	1047354.846	1042606.638
651	1047797.452	1042606.638
652	1047766.208	1042606.638
653	1048002.191	1042606.638
654	1048269.123	1042606.638
655	1048270.491	1042606.638
656	1048463.236	1042606.638
657	1048341.947	1042606.638
658	1048532.973	1042606.638
659	1048508.722	1042606.638
660	1048573.773	1042606.638
661	1048587.259	1042606.638
662	1048548.431	1042606.638
663	1048454.737	1042606.638
664	1048467.456	1042606.638
665	1048615.024	1042606.638
666	1048645.959	1042606.638
667	1048833.999	1042606.638
668	1048845.807	1042606.638
669	1048544.218	1042606.638
670	1048637.369	1042606.638
671	1048598.927	1042606.638
672	1048685.985	1042606.638
673	1048277.234	1042606.638
674	1048556.952	1042606.638
675	1048698.394	1042606.638
676	1048690.047	1042606.638
677	1048839.397	1042606.638
678	1048837.059	1042606.638
679	1049116.072	1042606.638
680	1049189.532	1042606.638
681	1049291.296	1042606.638
682	1049301.725	1042606.638
683	1049537.879	1042606.638
684	1049543.443	1042606.638
685	1049667.446	1042606.638
686	1049780.05	1042606.638
687	1049797.461	1042606.638
688	1049946.832	1042606.638
689	1050216.565	1042606.638
690	1050106.358	1042606.638
691	1050069.105	1042606.638
692	1050266.101	1042606.638
693	1050271.864	1042606.638
694	1050160.278	1042606.638
695	1050186.45	1042606.638
696	1050067.304	1042606.638
697	1050020.402	1042606.638
698	1050086.082	1042606.638
699	1050212.429	1042606.638
700	1050258.549	1042606.638
701	1050301.863	1042606.638
702	1049942.269	1042606.638
703	1049886.622	1042606.638
704	1049798.62	1042606.638
705	1049881.535	1042606.638
706	1049804.221	1042606.638
707	1049823.437	1042606.638
708	1049870.853	1042606.638
709	1049885.29	1042606.638
710	1049774.259	1042606.638
711	1049767.558	1042606.638
712	1049736.091	1042606.638
713	1049690.362	1042606.638
714	1049523.988	1042606.638
715	1049612.452	1042606.638
716	1049636.402	1042606.638
717	1049673.447	1042606.638
718	1049663.982	1042606.638
719	1049788.751	1042606.638
720	1049909.557	1042606.638
721	1049976.912	1042606.638
722	1050027.333	1042606.638
723	1050093.139	1042606.638
724	1050043.487	1042606.638
725	1049762.659	1042606.638
726	1050015.445	1042606.638
727	1049864.485	1042606.638
728	1049653.882	1042606.638
729	1049491.66	1042606.638
730	1049526.239	1042606.638
731	1049542.672	1042606.638
732	1048978.079	1042606.638
733	1049046.181	1042606.638
734	1049037.156	1042606.638
735	1049077.582	1042606.638
736	1049072.948	1042606.638
737	1049105.312	1042606.638
738	1049069.14	1042606.638
739	1049302.708	1042606.638
740	1049439.587	1042606.638
741	1049405.05	1042606.638
742	1049473.57	1042606.638
743	1049467.573	1042606.638
744	1049433.329	1042606.638
745	1049484.686	1042606.638
746	1049455.371	1042606.638
747	1049516.035	1042606.638
748	1049582.796	1042606.638
749	1049668.54	1042606.638
750	1049522.604	1042606.638
751	1049399.935	1042606.638
752	1049469.35	1042606.638
753	1049391.846	1042606.638
754	1049524.021	1042606.638
755	1049530.097	1042606.638
756	1049465.757	1042606.638
757	1049752.285	1042606.638
758	1049670.259	1042606.638
759	1049849.14	1042606.638
760	1049887.822	1042606.638
761	1050079.192	1042606.638
762	1050148.786	1042606.638
763	1050213.097	1042606.638
764	1050189.705	1042606.638
765	1050153.44	1042606.638
766	1050173.16	1042606.638
767	1050201.841	1042606.638
768	1050326.53	1042606.638
769	1050372.38	1042606.638
770	1050406.763	1042606.638
771	1050430.92	1042606.638
772	1050491.397	1042606.638
773	1050536.182	1042606.638
774	1050671.128	1042606.638
775	1050709.397	1042606.638
776	1050564.606	1042606.638
777	1050527.432	1042606.638
778	1050597.528	1042606.638
779	1050590.006	1042606.638
780	1050662.65	1042606.638
781	1050697.949	1042606.638
782	1050789.171	1042606.638
783	1050877.082	1042606.638
784	1050918.723	1042606.638
785	1050875.947	1042606.638
786	1050914.234	1042606.638
787	1051018.983	1042606.638
788	1050969.164	1042606.638
789	1050949.534	1042606.638
790	1050774.678	1042606.638
791	1050748.494	1042606.638
792	1050820.935	1042606.638
793	1050861.661	1042606.638
794	1050893.383	1042606.638
795	1051071.564	1042606.638
796	1051221.658	1042606.638
797	1051331.448	1042606.638
798	1051555.566	1042606.638
799	1051523.166	1042606.638
800	1051522.444	1042606.638
801	1051499.668	1042606.638
802	1051518.687	1042606.638
803	1051632.139	1042606.638
804	1051679.102	1042606.638
805	1051717.88	1042606.638
806	1051763.384	1042606.638
807	1051645.255	1042606.638
808	1051919.886	1042606.638
809	1052011.367	1042606.638
810	1051930.569	1042606.638
811	1051951.008	1042606.638
812	1052096.36	1042606.638
813	1052100.242	1042606.638
814	1052096.528	1042606.638
815	1052011.973	1042606.638
816	1052012.117	1042606.638
817	1051964.664	1042606.638
818	1051985.115	1042606.638
819	1051920.719	1042606.638
820	1052046.495	1042606.638
821	1052202.375	1042606.638
822	1052210.665	1042606.638
823	1052224.085	1042606.638
824	1052322.799	1042606.638
825	1052284.061	1042606.638
826	1052418.376	1042606.638
827	1052486.793	1042606.638
828	1052583.759	1042606.638
829	1052495.795	1042606.638
830	1052674.878	1042606.638
831	1052644.198	1042606.638
832	1052611.034	1042606.638
833	1052728.927	1042606.638
834	1052850.466	1042606.638
835	1052842.899	1042606.638
836	1052733.678	1042606.638
837	1052755.488	1042606.638
838	1052759.429	1042606.638
839	1052836.421	1042606.638
840	1052856.582	1042606.638
841	1052943.913	1042606.638
842	1052943.26	1042606.638
843	1053038.014	1042606.638
844	1053045.144	1042606.638
845	1053149.812	1042606.638
846	1053198.803	1042606.638
847	1052851.592	1042606.638
848	1052924.895	1042606.638
849	1052824.426	1042606.638
850	1052913.409	1042606.638
851	1052960.555	1042606.638
852	1052917.048	1042606.638
853	1053018.751	1042606.638
854	1052986.631	1042606.638
855	1053128.315	1042606.638
856	1053142.301	1042606.638
857	1053128.584	1042606.638
858	1053114.33	1042606.638
859	1053169.016	1042606.638
860	1053207.712	1042606.638
861	1053207.905	1042606.638
862	1053503.615	1042606.638
863	1053565.52	1042606.638
864	1053496.793	1042606.638
865	1053463.058	1042606.638
866	1053603.416	1042606.638
867	1053676.284	1042606.638
868	1053743.018	1042606.638
869	1053720.701	1042606.638
870	1053705.904	1042606.638
871	1053677.126	1042606.638
872	1053795.139	1042606.638
873	1053803.651	1042606.638
874	1053922.919	1042606.638
875	1053866.91	1042606.638
876	1053908.948	1042606.638
877	1053941.453	1042606.638
878	1053934.363	1042606.638
879	1053960.829	1042606.638
880	1053982.896	1042606.638
881	1053941.089	1042606.638
882	1053886.208	1042606.638
883	1053889.532	1042606.638
884	1053932.743	1042606.638
885	1054327.234	1042606.638
886	1054360.514	1042606.638
887	1054318.151	1042606.638
888	1054430.069	1042606.638
889	1054501.34	1042606.638
890	1054820.678	1042606.638
891	1054969.786	1042606.638
892	1054980.869	1042606.638
893	1055081.845	1042606.638
894	1055400.675	1042606.638
895	1055365.66	1042606.638
896	1055441.781	1042606.638
897	1055261.288	1042606.638
898	1055243.295	1042606.638
899	1055242.015	1042606.638
900	1055179.191	1042606.638
901	1055147.267	1042606.638
902	1055071.697	1042606.638
903	1055125.414	1042606.638
904	1055260.837	1042606.638
905	1055242.095	1042606.638
906	1055314.241	1042606.638
907	1055257.24	1042606.638
908	1055350.681	1042606.638
909	1055414.625	1042606.638
910	1055332.641	1042606.638
911	1055402.42	1042606.638
912	1055441.056	1042606.638
913	1055627.429	1042606.638
914	1055733.066	1042606.638
915	1055927.036	1042606.638
916	1055920.018	1042606.638
917	1055974.853	1042606.638
918	1055974.275	1042606.638
919	1055993.905	1042606.638
920	1056317.04	1042606.638
921	1056323.013	1042606.638
922	1056272.155	1042606.638
923	1056251.006	1042606.638
924	1056271.236	1042606.638
925	1056062.203	1042606.638
926	1056100.202	1042606.638
927	1056122.006	1042606.638
928	1056014.299	1042606.638
929	1056012.571	1042606.638
930	1055973.602	1042606.638
931	1056008.78	1042606.638
932	1055970.5	1042606.638
933	1056127.733	1042606.638
934	1056107.261	1042606.638
935	1056007.159	1042606.638
936	1056039.529	1042606.638
937	1056163.611	1042606.638
938	1056250.499	1042606.638
939	1056287.213	1042606.638
940	1056254.286	1042606.638
941	1056222.858	1042606.638
942	1056179.853	1042606.638
943	1056236.291	1042606.638
944	1056252.615	1042606.638
945	1056350.082	1042606.638
946	1056386.409	1042606.638
947	1056588.923	1042606.638
948	1056829.079	1042606.638
949	1057023.514	1042606.638
950	1057143.483	1042606.638
951	1057177.203	1042606.638
952	1057288.648	1042606.638
953	1057260.699	1042606.638
954	1057234.553	1042606.638
955	1057229.096	1042606.638
956	1057187.098	1042606.638
957	1056936.606	1042606.638
958	1056886.546	1042606.638
959	1057131.034	1042606.638
960	1057307.126	1042606.638
961	1057322.95	1042606.638
962	1057308.076	1042606.638
963	1057346.944	1042606.638
964	1057084.293	1042606.638
965	1057033.454	1042606.638
966	1057421.067	1042606.638
967	1057461.319	1042606.638
968	1057591.044	1042606.638
969	1057660.352	1042606.638
970	1057823.162	1042606.638
971	1057866.6	1042606.638
972	1057832.351	1042606.638
973	1057901.291	1042606.638
974	1057907.994	1042606.638
975	1058113.257	1042606.638
976	1058070.414	1042606.638
977	1058083.414	1042606.638
978	1058103.288	1042606.638
979	1058496.022	1042606.638
980	1058506.728	1042606.638
981	1058500.021	1042606.638
982	1058476.424	1042606.638
983	1058439.802	1042606.638
984	1058448.926	1042606.638
985	1058568.931	1042606.638
986	1058778.19	1042606.638
987	1058906.27	1042606.638
988	1058756.585	1042606.638
989	1058828.613	1042606.638
990	1058864.627	1042606.638
991	1058860.041	1042606.638
992	1058901.523	1042606.638
993	1058746.555	1042606.638
994	1058763.601	1042606.638
995	1058739.21	1042606.638
996	1058772.817	1042606.638
997	1058831.554	1042606.638
998	1058938.555	1042606.638
999	1058983.143	1042606.638
1000	1059014.024	1042606.638
1001	1059014.424	1042606.638
1002	1058967.567	1042606.638
1003	1058971.375	1042606.638
1004	1058940.799	1042606.638
1005	1059008.868	1042606.638
1006	1059060.2	1042606.638
1007	1059540.464	1042606.638
1008	1059600.54	1042606.638
1009	1059739.836	1042606.638
1010	1059615.676	1042606.638
1011	1059615.793	1042606.638
1012	1059671.104	1042606.638
1013	1059416.86	1042606.638
1014	1059644.478	1042606.638
1015	1059692.575	1042606.638
1016	1059476.353	1042606.638
1017	1059487.716	1042606.638
1018	1059568.936	1042606.638
1019	1059670.572	1042606.638
1020	1059678.744	1042606.638
1021	1059684.739	1042606.638
1022	1059781.635	1042606.638
1023	1059635.255	1042606.638
1024	1059706.021	1042606.638
1025	1059691.715	1042606.638
1026	1059707.502	1042606.638
1027	1059684.959	1042606.638
1028	1059788.861	1042606.638
1029	1059828.905	1042606.638
1030	1060040.223	1042606.638
1031	1059923.084	1042606.638
1032	1059845.29	1042606.638
1033	1059826.976	1042606.638
1034	1059786.251	1042606.638
1035	1059698.478	1042606.638
1036	1059678.098	1042606.638
1037	1059755.305	1042606.638
1038	1059709.296	1042606.638
1039	1059774.096	1042606.638
1040	1059895.244	1042606.638
1041	1059905.809	1042606.638
1042	1059934.303	1042606.638
1043	1059992.797	1042606.638
1044	1060071.204	1042606.638
1045	1060097.266	1042606.638
1046	1060146.416	1042606.638
1047	1060267.415	1042606.638
1048	1060334.749	1042606.638
1049	1060303.196	1042606.638
1050	1060210.862	1042606.638
1051	1060368.449	1042606.638
1052	1060377.762	1042606.638
1053	1060382.625	1042606.638
1054	1060778.089	1042606.638
1055	1060772.28	1042606.638
1056	1060847.34	1042606.638
1057	1060785.196	1042606.638
1058	1060827.772	1042606.638
1059	1061036.92	1042606.638
1060	1061031.966	1042606.638
1061	1060730.346	1042606.638
1062	1060715.422	1042606.638
1063	1061116.884	1042606.638
1064	1061104.537	1042606.638
1065	1060963.92	1042606.638
1066	1060975.966	1042606.638
1067	1061193.794	1042606.638
1068	1061211.52	1042606.638
1069	1061189.839	1042606.638
1070	1061161.389	1042606.638
1071	1061149.497	1042606.638
1072	1061410.565	1042606.638
1073	1061265.226	1042606.638
1074	1061416.701	1042606.638
1075	1061438.167	1042606.638
1076	1061400.755	1042606.638
1077	1061354.235	1042606.638
1078	1061389.535	1042606.638
1079	1061463.801	1042606.638
1080	1061509.832	1042606.638
1081	1061218.016	1042606.638
1082	1061209.364	1042606.638
1083	1061318.628	1042606.638
1084	1061313.141	1042606.638
1085	1061279.285	1042606.638
1086	1061317.462	1042606.638
1087	1061345.554	1042606.638
1088	1061394.175	1042606.638
1089	1061448.116	1042606.638
1090	1061550.566	1042606.638
1091	1061554.775	1042606.638
1092	1061899.689	1042606.638
1093	1061935.11	1042606.638
1094	1061997.691	1042606.638
1095	1062075.038	1042606.638
1096	1062089.075	1042606.638
1097	1062148.014	1042606.638
1098	1062084.378	1042606.638
1099	1062153.252	1042606.638
1100	1062149.449	1042606.638
1101	1062107.47	1042606.638
1102	1062100.068	1042606.638
1103	1062152.021	1042606.638
1104	1062506.413	1042606.638
1105	1062477.618	1042606.638
1106	1062525.734	1042606.638
1107	1062572.709	1042606.638
1108	1062636.467	1042606.638
1109	1062456.3	1042606.638
1110	1062559.512	1042606.638
1111	1062552.769	1042606.638
1112	1062624.99	1042606.638
1113	1062702.463	1042606.638
1114	1062788.713	1042606.638
1115	1062773.758	1042606.638
1116	1062753.413	1042606.638
1117	1062689.351	1042606.638
1118	1062725.197	1042606.638
1119	1062699.909	1042606.638
1120	1062778.72	1042606.638
1121	1062781.412	1042606.638
1122	1062748.351	1042606.638
1123	1062730.723	1042606.638
1124	1062789.613	1042606.638
1125	1062867.324	1042606.638
1126	1062857.385	1042606.638
1127	1062809.97	1042606.638
1128	1062845.714	1042606.638
1129	1062848.283	1042606.638
1130	1062958.462	1042606.638
1131	1062921.455	1042606.638
1132	1062965.477	1042606.638
1133	1062998.97	1042606.638
1134	1063060.939	1042606.638
1135	1063155.289	1042606.638
1136	1063219.597	1042606.638
1137	1063334.997	1042606.638
1138	1063307.682	1042606.638
1139	1063261.94	1042606.638
1140	1063375.69	1042606.638
1141	1063369.233	1042606.638
1142	1063280.88	1042606.638
1143	1063302.559	1042606.638
1144	1063294.748	1042606.638
1145	1063298.504	1042606.638
1146	1063517.719	1042606.638
1147	1063436.94	1042606.638
1148	1063431.381	1042606.638
1149	1063307.92	1042606.638
1150	1063309.211	1042606.638
1151	1063400.091	1042606.638
1152	1063441.265	1042606.638
1153	1063410.551	1042606.638
1154	1063525.356	1042606.638
1155	1063533.299	1042606.638
1156	1063508.005	1042606.638
1157	1063440.977	1042606.638
1158	1063424.626	1042606.638
1159	1063474.248	1042606.638
1160	1063559.216	1042606.638
1161	1063529.852	1042606.638
1162	1063400.063	1042606.638
1163	1063696.263	1042606.638
1164	1063747.592	1042606.638
1165	1063799.575	1042606.638
1166	1063836.41	1042606.638
1167	1063891.758	1042606.638
1168	1063933.312	1042606.638
1169	1063965.66	1042606.638
1170	1064408.635	1042606.638
1171	1064413.725	1042606.638
1172	1064393.286	1042606.638
1173	1064427.126	1042606.638
1174	1064574.56	1042606.638
1175	1064584.964	1042606.638
1176	1064723.568	1042606.638
1177	1064714.613	1042606.638
1178	1064726.735	1042606.638
1179	1064770.536	1042606.638
1180	1064813.612	1042606.638
1181	1064940.607	1042606.638
1182	1064951.883	1042606.638
1183	1065118.432	1042606.638
1184	1065396.615	1042606.638
1185	1065412.85	1042606.638
1186	1065695.011	1042606.638
1187	1065803.808	1042606.638
1188	1065791.704	1042606.638
1189	1065746.192	1042606.638
1190	1066025.843	1042606.638
1191	1066117.64	1042606.638
1192	1066093.089	1042606.638
1193	1066073.036	1042606.638
1194	1066060.308	1042606.638
1195	1066031.551	1042606.638
1196	1066309.397	1042606.638
1197	1066313.01	1042606.638
1198	1066349.985	1042606.638
1199	1066356.617	1042606.638
1200	1066437.876	1042606.638
1201	1066550.767	1042606.638
1202	1066667.587	1042606.638
1203	1066803.942	1042606.638
1204	1066874.089	1042606.638
1205	1066913.429	1042606.638
1206	1066791.193	1042606.638
1207	1066840.015	1042606.638
1208	1066820.776	1042606.638
1209	1066959.981	1042606.638
1210	1066978.787	1042606.638
1211	1066992.399	1042606.638
1212	1067224.458	1042606.638
1213	1067004.026	1042606.638
1214	1067048.406	1042606.638
1215	1067025.294	1042606.638
1216	1066952.692	1042606.638
1217	1066910.635	1042606.638
1218	1066968.444	1042606.638
1219	1066992.537	1042606.638
1220	1066833.204	1042606.638
1221	1066873.696	1042606.638
1222	1066903.749	1042606.638
1223	1067082.745	1042606.638
1224	1067035.796	1042606.638
1225	1067040.687	1042606.638
1226	1067082.513	1042606.638
1227	1067088.195	1042606.638
1228	1067068.998	1042606.638
1229	1067039.154	1042606.638
1230	1067110.301	1042606.638
1231	1067079.312	1042606.638
1232	1067104.504	1042606.638
1233	1067139.224	1042606.638
1234	1067229.623	1042606.638
1235	1067209.63	1042606.638
1236	1067408.856	1042606.638
1237	1067489.922	1042606.638
1238	1067506.336	1042606.638
1239	1067594.943	1042606.638
1240	1067546.541	1042606.638
1241	1067604.574	1042606.638
1242	1067625.131	1042606.638
1243	1067669.149	1042606.638
1244	1067669.796	1042606.638
1245	1067614.878	1042606.638
1246	1067543.706	1042606.638
1247	1067572.339	1042606.638
1248	1067514.177	1042606.638
1249	1067582.978	1042606.638
1250	1067670.026	1042606.638
1251	1067757.569	1042606.638
1252	1067740.528	1042606.638
1253	1067751.664	1042606.638
1254	1067821.466	1042606.638
1255	1067895.251	1042606.638
1256	1067804.385	1042606.638
1257	1067792.339	1042606.638
1258	1068024.89	1042606.638
1259	1068080.465	1042606.638
1260	1068080.256	1042606.638
1261	1068076.815	1042606.638
1262	1068037.506	1042606.638
1263	1068102.565	1042606.638
1264	1068115.186	1042606.638
1265	1068181.199	1042606.638
1266	1068198.632	1042606.638
1267	1068274.478	1042606.638
1268	1068288.458	1042606.638
1269	1068316.736	1042606.638
1270	1068315.968	1042606.638
1271	1068283.341	1042606.638
1272	1068249.062	1042606.638
1273	1068292.288	1042606.638
1274	1068536.402	1042606.638
1275	1068599.325	1042606.638
1276	1068655.895	1042606.638
1277	1068641.495	1042606.638
1278	1068521.217	1042606.638
1279	1068669.349	1042606.638
1280	1068680.214	1042606.638
1281	1068681.909	1042606.638
1282	1068733.036	1042606.638
1283	1068670.725	1042606.638
1284	1068652.192	1042606.638
1285	1068698.315	1042606.638
1286	1068715.987	1042606.638
1287	1068733.348	1042606.638
1288	1068698.188	1042606.638
1289	1068703.846	1042606.638
1290	1068703.977	1042606.638
1291	1068655.83	1042606.638
1292	1068691.276	1042606.638
1293	1068838.909	1042606.638
1294	1068872.032	1042606.638
1295	1068924.327	1042606.638
1296	1069074.569	1042606.638
1297	1069032.283	1042606.638
1298	1069176.478	1042606.638
1299	1069318.413	1042606.638
1300	1069335.916	1042606.638
1301	1069316.841	1042606.638
1302	1069465.498	1042606.638
1303	1069499.613	1042606.638
1304	1069681.089	1042606.638
1305	1069699.391	1042606.638
1306	1069753.332	1042606.638
1307	1069781.297	1042606.638
1308	1069501.511	1042606.638
1309	1069563.211	1042606.638
1310	1069563.685	1042606.638
1311	1069598.705	1042606.638
1312	1069516.128	1042606.638
1313	1069546.71	1042606.638
1314	1069521.79	1042606.638
1315	1069540.477	1042606.638
1316	1069342.678	1042606.638
1317	1069380.503	1042606.638
1318	1069589.006	1042606.638
1319	1069455.986	1042606.638
1320	1069474.313	1042606.638
1321	1069585.483	1042606.638
1322	1069605.587	1042606.638
1323	1069647.165	1042606.638
1324	1069666.852	1042606.638
1325	1069686.576	1042606.638
1326	1069561.744	1042606.638
1327	1069641.202	1042606.638
1328	1069602.721	1042606.638
1329	1069687.059	1042606.638
1330	1069643.185	1042606.638
1331	1069615.231	1042606.638
1332	1069562.617	1042606.638
1333	1069579.825	1042606.638
1334	1069467.103	1042606.638
1335	1069786.465	1042606.638
1336	1069734.347	1042606.638
1337	1069714.755	1042606.638
1338	1069727.495	1042606.638
1339	1069673.862	1042606.638
1340	1069726	1042606.638
1341	1069778.639	1042606.638
1342	1069729.426	1042606.638
1343	1069766.843	1042606.638
1344	1069821.972	1042606.638
1345	1069881.713	1042606.638
1346	1069906.853	1042606.638
1347	1069874.26	1042606.638
1348	1069889.906	1042606.638
1349	1070029.557	1042606.638
1350	1070138.488	1042606.638
1351	1070048.257	1042606.638
1352	1070025.266	1042606.638
1353	1070150.613	1042606.638
1354	1070111.617	1042606.638
1355	1070185.306	1042606.638
1356	1070305.809	1042606.638
1357	1070415.795	1042606.638
1358	1070483.753	1042606.638
1359	1070481.59	1042606.638
1360	1070484.149	1042606.638
1361	1070487.38	1042606.638
1362	1070598.394	1042606.638
1363	1070707.152	1042606.638
1364	1070530.947	1042606.638
1365	1070665.918	1042606.638
1366	1070663.294	1042606.638
1367	1070611.237	1042606.638
1368	1070605.052	1042606.638
1369	1070642.183	1042606.638
1370	1070722.906	1042606.638
1371	1070706.118	1042606.638
1372	1070781.761	1042606.638
1373	1070536.749	1042606.638
1374	1070488.068	1042606.638
1375	1070462.982	1042606.638
1376	1070507.651	1042606.638
1377	1070509.261	1042606.638
1378	1070517.988	1042606.638
1379	1070561.041	1042606.638
1380	1070524.181	1042606.638
1381	1070488.253	1042606.638
1382	1070590.988	1042606.638
1383	1070588.018	1042606.638
1384	1070497.217	1042606.638
1385	1070528.748	1042606.638
1386	1070599.263	1042606.638
1387	1070891.968	1042606.638
1388	1070977.739	1042606.638
1389	1070993.825	1042606.638
1390	1071097.555	1042606.638
1391	1071070.061	1042606.638
1392	1071099.589	1042606.638
1393	1071080.12	1042606.638
1394	1071026.447	1042606.638
1395	1071075.316	1042606.638
1396	1071130.895	1042606.638
1397	1071106.11	1042606.638
1398	1071132.757	1042606.638
1399	1071209.182	1042606.638
1400	1071226.085	1042606.638
1401	1071329.504	1042606.638
1402	1071351.82	1042606.638
1403	1071453.407	1042606.638
1404	1071480.346	1042606.638
1405	1071619.653	1042606.638
1406	1071669.125	1042606.638
1407	1071754.061	1042606.638
1408	1071743.593	1042606.638
1409	1071789.802	1042606.638
1410	1071767.923	1042606.638
1411	1071832.583	1042606.638
1412	1072091.718	1042606.638
1413	1072174.773	1042606.638
1414	1072195.464	1042606.638
1415	1072162.013	1042606.638
1416	1072090.108	1042606.638
1417	1072073.196	1042606.638
1418	1072165.403	1042606.638
1419	1072182.283	1042606.638
1420	1072192.223	1042606.638
1421	1072113.715	1042606.638
1422	1072144.223	1042606.638
1423	1072154.96	1042606.638
1424	1072161.776	1042606.638
1425	1072131.287	1042606.638
1426	1072272.81	1042606.638
1427	1072317.128	1042606.638
1428	1072356.797	1042606.638
1429	1072525.482	1042606.638
1430	1072497.152	1042606.638
1431	1072472.463	1042606.638
1432	1072543.699	1042606.638
1433	1072567.152	1042606.638
1434	1072613.613	1042606.638
1435	1072773.24	1042606.638
1436	1072780.974	1042606.638
1437	1072774.692	1042606.638
1438	1072746.48	1042606.638
1439	1072810.388	1042606.638
1440	1072851.482	1042606.638
1441	1072882.692	1042606.638
1442	1072919.973	1042606.638
1443	1072833.051	1042606.638
1444	1072718.817	1042606.638
1445	1072822.907	1042606.638
1446	1072822.779	1042606.638
1447	1072796.408	1042606.638
1448	1072786.98	1042606.638
1449	1072790.78	1042606.638
1450	1072802.046	1042606.638
1451	1072870.06	1042606.638
1452	1072903.866	1042606.638
1453	1072929.498	1042606.638
1454	1072918.353	1042606.638
1455	1072934.914	1042606.638
1456	1073135.617	1042606.638
1457	1073262.943	1042606.638
1458	1073285.38	1042606.638
1459	1073331.175	1042606.638
1460	1073357.923	1042606.638
1461	1073369.486	1042606.638
1462	1073400.672	1042606.638
1463	1073506.716	1042606.638
1464	1073561.907	1042606.638
1465	1074070.825	1042606.638
1466	1074090.39	1042606.638
1467	1074114.966	1042606.638
1468	1074173.434	1042606.638
1469	1074147.993	1042606.638
1470	1074224.462	1042606.638
1471	1074225.808	1042606.638
1472	1074407.067	1042606.638
1473	1074274.443	1042606.638
1474	1074264.671	1042606.638
1475	1074190.597	1042606.638
1476	1074164.031	1042606.638
1477	1074168.364	1042606.638
1478	1074214.546	1042606.638
1479	1074455.658	1042606.638
1480	1074551.866	1042606.638
1481	1074645.156	1042606.638
1482	1074689.369	1042606.638
1483	1074737.171	1042606.638
1484	1074780.026	1042606.638
1485	1074750.882	1042606.638
1486	1074854.862	1042606.638
1487	1074917.286	1042606.638
1488	1074942.573	1042606.638
1489	1074959.58	1042606.638
1490	1074951.076	1042606.638
1491	1074857.738	1042606.638
1492	1074846.876	1042606.638
1493	1074831.997	1042606.638
1494	1074873.416	1042606.638
1495	1074869.875	1042606.638
1496	1074999.534	1042606.638
1497	1075116.176	1042606.638
1498	1075161.851	1042606.638
1499	1075183.134	1042606.638
1500	1075265.626	1042606.638
1501	1075326.667	1042606.638
1502	1075516.653	1042606.638
1503	1075608.117	1042606.638
1504	1075568.088	1042606.638
1505	1075541.835	1042606.638
1506	1075573.484	1042606.638
1507	1075631.843	1042606.638
1508	1075540.077	1042606.638
1509	1075570.345	1042606.638
1510	1075602.798	1042606.638
1511	1075608.23	1042606.638
1512	1075644.376	1042606.638
1513	1075675.292	1042606.638
1514	1075727.435	1042606.638
1515	1075706.817	1042606.638
1516	1075580.778	1042606.638
1517	1075649.988	1042606.638
1518	1075702.967	1042606.638
1519	1075641.123	1042606.638
1520	1075767.777	1042606.638
1521	1075753.494	1042606.638
1522	1075698.234	1042606.638
1523	1075691.741	1042606.638
1524	1075722.173	1042606.638
1525	1075817.124	1042606.638
1526	1075829.955	1042606.638
1527	1075840.278	1042606.638
1528	1075925.418	1042606.638
1529	1075827.734	1042606.638
1530	1075876.053	1042606.638
1531	1075937.947	1042606.638
1532	1075985.944	1042606.638
1533	1076010.529	1042606.638
1534	1075978.895	1042606.638
1535	1076088.633	1042606.638
1536	1076149.331	1042606.638
1537	1076213.879	1042606.638
1538	1076211.384	1042606.638
1539	1076288.972	1042606.638
1540	1076311.82	1042606.638
1541	1076595.873	1042606.638
1542	1076592.204	1042606.638
1543	1076584.711	1042606.638
1544	1076577.905	1042606.638
1545	1076619.734	1042606.638
1546	1076621.718	1042606.638
1547	1076674.205	1042606.638
1548	1076666.327	1042606.638
1549	1076714.308	1042606.638
1550	1076576.987	1042606.638
1551	1076699.331	1042606.638
1552	1076728.724	1042606.638
1553	1076716.638	1042606.638
1554	1076654.517	1042606.638
1555	1076650.695	1042606.638
1556	1076718.971	1042606.638
1557	1076808.126	1042606.638
1558	1076852.991	1042606.638
1559	1076868.797	1042606.638
1560	1076786.296	1042606.638
1561	1076844.223	1042606.638
1562	1076792.319	1042606.638
1563	1076828.578	1042606.638
1564	1076836.124	1042606.638
1565	1076826.66	1042606.638
1566	1076823.74	1042606.638
1567	1076769.677	1042606.638
1568	1076755.724	1042606.638
1569	1076839.846	1042606.638
1570	1076828.156	1042606.638
1571	1076807.062	1042606.638
1572	1076791.024	1042606.638
1573	1076839.181	1042606.638
1574	1076827.183	1042606.638
1575	1076992.084	1042606.638
1576	1076997.718	1042606.638
1577	1077017.771	1042606.638
1578	1077068.175	1042606.638
1579	1076964.787	1042606.638
1580	1076985.074	1042606.638
1581	1076976.09	1042606.638
1582	1077017.551	1042606.638
1583	1077038.539	1042606.638
1584	1077045.987	1042606.638
1585	1077038.189	1042606.638
1586	1077054.797	1042606.638
1587	1076997.145	1042606.638
1588	1077034.043	1042606.638
1589	1077187.993	1042606.638
1590	1077305.763	1042606.638
1591	1077256.12	1042606.638
1592	1077226.245	1042606.638
1593	1077218.187	1042606.638
1594	1077161.855	1042606.638
1595	1077107.647	1042606.638
1596	1077064.67	1042606.638
1597	1077440.545	1042606.638
1598	1077457.806	1042606.638
1599	1077259.18	1042606.638
1600	1077275.307	1042606.638
1601	1077251.529	1042606.638
1602	1077291.812	1042606.638
1603	1077316.687	1042606.638
1604	1077292.224	1042606.638
1605	1077377.75	1042606.638
1606	1077386.825	1042606.638
1607	1077727.301	1042606.638
1608	1077755.574	1042606.638
1609	1077695.026	1042606.638
1610	1077673.297	1042606.638
1611	1077779.652	1042606.638
1612	1077797.057	1042606.638
1613	1077997.745	1042606.638
1614	1078259.837	1042606.638
1615	1078270.098	1042606.638
1616	1078294.388	1042606.638
1617	1078340.763	1042606.638
1618	1078426.545	1042606.638
1619	1078635.317	1042606.638
1620	1078617.312	1042606.638
1621	1078581.933	1042606.638
1622	1078612.367	1042606.638
1623	1078734.955	1042606.638
1624	1078775.737	1042606.638
1625	1078834.293	1042606.638
1626	1078813.615	1042606.638
1627	1078813.854	1042606.638
1628	1078842.909	1042606.638
1629	1078881.111	1042606.638
1630	1078850.313	1042606.638
1631	1078843.426	1042606.638
1632	1078857.063	1042606.638
1633	1078905.175	1042606.638
1634	1078888.249	1042606.638
1635	1078868.768	1042606.638
1636	1078851.108	1042606.638
1637	1078908.674	1042606.638
1638	1078962.916	1042606.638
1639	1079007.473	1042606.638
1640	1079003.163	1042606.638
1641	1079012.543	1042606.638
1642	1079064.919	1042606.638
1643	1079046.884	1042606.638
1644	1079103.351	1042606.638
1645	1079225.246	1042606.638
1646	1079253.689	1042606.638
1647	1079334.376	1042606.638
1648	1079350.315	1042606.638
1649	1079399.138	1042606.638
1650	1079423.555	1042606.638
1651	1079443.566	1042606.638
1652	1079478.371	1042606.638
1653	1079515.339	1042606.638
1654	1079606.654	1042606.638
1655	1079651.487	1042606.638
1656	1079636.786	1042606.638
1657	1079568.619	1042606.638
1658	1079615.615	1042606.638
1659	1079496.522	1042606.638
1660	1079537.019	1042606.638
1661	1079583.532	1042606.638
1662	1079575.358	1042606.638
1663	1079669.4	1042606.638
1664	1079705.773	1042606.638
1665	1079717.602	1042606.638
1666	1079797.401	1042606.638
1667	1079746.219	1042606.638
1668	1079766.254	1042606.638
1669	1079759.661	1042606.638
1670	1079738.989	1042606.638
1671	1079843.203	1042606.638
1672	1079843.214	1042606.638
1673	1079912.189	1042606.638
1674	1079976.672	1042606.638
1675	1080072.313	1042606.638
1676	1080094.934	1042606.638
1677	1080102.004	1042606.638
1678	1080101.722	1042606.638
1679	1080099.101	1042606.638
1680	1080101.762	1042606.638
1681	1080084.061	1042606.638
1682	1080096.366	1042606.638
1683	1080144.359	1042606.638
1684	1080158.173	1042606.638
1685	1080043.234	1042606.638
1686	1079963.367	1042606.638
1687	1080030.12	1042606.638
1688	1080015.58	1042606.638
1689	1080067.651	1042606.638
1690	1079983.679	1042606.638
1691	1080053.385	1042606.638
1692	1080126.314	1042606.638
1693	1080240.758	1042606.638
1694	1080276.506	1042606.638
1695	1080279.528	1042606.638
1696	1080308.248	1042606.638
1697	1080322.894	1042606.638
1698	1080414.38	1042606.638
1699	1080414.796	1042606.638
1700	1080421.927	1042606.638
1701	1080548.385	1042606.638
1702	1080555.246	1042606.638
1703	1080587.583	1042606.638
1704	1080770.013	1042606.638
1705	1080821.09	1042606.638
1706	1080995.602	1042606.638
1707	1081088.664	1042606.638
1708	1081163.558	1042606.638
1709	1081186.39	1042606.638
1710	1081160.602	1042606.638
1711	1081191.845	1042606.638
1712	1081230.246	1042606.638
1713	1081325.468	1042606.638
1714	1081321.175	1042606.638
1715	1081406.847	1042606.638
1716	1081452.585	1042606.638
1717	1081450.769	1042606.638
1718	1081396.891	1042606.638
1719	1081460.162	1042606.638
1720	1081428.078	1042606.638
1721	1081407.383	1042606.638
1722	1081384.312	1042606.638
1723	1081332.98	1042606.638
1724	1081447.673	1042606.638
1725	1081475.438	1042606.638
1726	1081557.455	1042606.638
1727	1081603.226	1042606.638
1728	1081590.875	1042606.638
1729	1081527.274	1042606.638
1730	1081525.918	1042606.638
1731	1081532.263	1042606.638
1732	1081571.902	1042606.638
1733	1081597.91	1042606.638
1734	1081574.21	1042606.638
1735	1081576.272	1042606.638
1736	1081598.001	1042606.638
1737	1081535.271	1042606.638
1738	1081540.537	1042606.638
1739	1081533.243	1042606.638
1740	1081628.554	1042606.638
1741	1081605.229	1042606.638
1742	1081701.26	1042606.638
1743	1081710.77	1042606.638
1744	1081776.805	1042606.638
1745	1081895.361	1042606.638
1746	1082001.534	1042606.638
1747	1082084.985	1042606.638
1748	1082081.738	1042606.638
1749	1082131.06	1042606.638
1750	1082081.878	1042606.638
1751	1082150.632	1042606.638
1752	1082210.352	1042606.638
1753	1082222.833	1042606.638
1754	1082227.471	1042606.638
1755	1082240.713	1042606.638
1756	1082226.21	1042606.638
1757	1082175.276	1042606.638
1758	1082142.478	1042606.638
1759	1082178.141	1042606.638
1760	1082196.644	1042606.638
1761	1082187.823	1042606.638
1762	1082172.403	1042606.638
1763	1082109.811	1042606.638
1764	1082057.887	1042606.638
1765	1082128.81	1042606.638
1766	1082156.341	1042606.638
1767	1082353.005	1042606.638
1768	1082403.773	1042606.638
1769	1082666.724	1042606.638
1770	1082655.415	1042606.638
1771	1082648.797	1042606.638
1772	1082754.761	1042606.638
1773	1082734.361	1042606.638
1774	1082768.799	1042606.638
1775	1082720.774	1042606.638
1776	1082654.293	1042606.638
1777	1082710.812	1042606.638
1778	1082766.082	1042606.638
1779	1082722.67	1042606.638
1780	1082742.07	1042606.638
1781	1082692.218	1042606.638
1782	1082802.217	1042606.638
1783	1082787.259	1042606.638
1784	1082833.439	1042606.638
1785	1082846.534	1042606.638
1786	1082858.699	1042606.638
1787	1082938.809	1042606.638
1788	1082978.074	1042606.638
1789	1083010.031	1042606.638
1790	1082949.298	1042606.638
1791	1082955.241	1042606.638
1792	1083072.458	1042606.638
1793	1083081.107	1042606.638
1794	1083169.549	1042606.638
1795	1083155.777	1042606.638
1796	1083202.287	1042606.638
1797	1083209.482	1042606.638
1798	1083256.809	1042606.638
1799	1083305.474	1042606.638
1800	1083335.213	1042606.638
1801	1083518.333	1042606.638
1802	1083527.163	1042606.638
1803	1083588.269	1042606.638
1804	1083581.923	1042606.638
1805	1083658.183	1042606.638
1806	1083699.064	1042606.638
1807	1083671.415	1042606.638
1808	1083780.544	1042606.638
1809	1083822.751	1042606.638
1810	1083990.858	1042606.638
1811	1083998.276	1042606.638
1812	1084004.741	1042606.638
1813	1083967.193	1042606.638
1814	1083996.906	1042606.638
1815	1083990.276	1042606.638
1816	1083964.868	1042606.638
1817	1083908.141	1042606.638
1818	1083955.286	1042606.638
1819	1083954.94	1042606.638
1820	1083945.819	1042606.638
1821	1084011.969	1042606.638
1822	1084032.92	1042606.638
1823	1084090.81	1042606.638
1824	1084218.459	1042606.638
1825	1084219.287	1042606.638
1826	1084182.988	1042606.638
1827	1084236.573	1042606.638
1828	1084258.473	1042606.638
1829	1084333.256	1042606.638
1830	1084344.248	1042606.638
1831	1084302.64	1042606.638
1832	1084245.577	1042606.638
1833	1084349.867	1042606.638
1834	1084387.055	1042606.638
1835	1084410.155	1042606.638
1836	1084610.577	1042606.638
1837	1084663.153	1042606.638
1838	1084704.62	1042606.638
1839	1084598.574	1042606.638
1840	1084573.462	1042606.638
1841	1084573.68	1042606.638
1842	1084464.132	1042606.638
1843	1084525.954	1042606.638
1844	1084329.694	1042606.638
1845	1084326.276	1042606.638
1846	1084328.396	1042606.638
1847	1084411.11	1042606.638
1848	1084446.21	1042606.638
1849	1084347.242	1042606.638
1850	1084460.418	1042606.638
1851	1084509.471	1042606.638
1852	1084501.521	1042606.638
1853	1084547.65	1042606.638
1854	1084615.999	1042606.638
1855	1084559.525	1042606.638
1856	1084626.132	1042606.638
1857	1084609.422	1042606.638
1858	1084603.256	1042606.638
1859	1084615.912	1042606.638
1860	1084626.556	1042606.638
1861	1084658.378	1042606.638
1862	1084623.767	1042606.638
1863	1084870.347	1042606.638
1864	1084961.641	1042606.638
1865	1085007.698	1042606.638
1866	1085010.84	1042606.638
1867	1085009.215	1042606.638
1868	1084944.939	1042606.638
1869	1084795.492	1042606.638
1870	1084959.35	1042606.638
1871	1085043.891	1042606.638
1872	1085086.595	1042606.638
1873	1085091.718	1042606.638
1874	1085014.122	1042606.638
1875	1084981.013	1042606.638
1876	1085161.143	1042606.638
1877	1085279.464	1042606.638
1878	1085472.027	1042606.638
1879	1085458.2	1042606.638
1880	1085496.692	1042606.638
1881	1085608.354	1042606.638
1882	1085776.101	1042606.638
1883	1085746.615	1042606.638
1884	1085775.208	1042606.638
1885	1085808.224	1042606.638
1886	1085818.754	1042606.638
1887	1085884.03	1042606.638
1888	1085897.596	1042606.638
1889	1085956.112	1042606.638
1890	1086204.272	1042606.638
1891	1086235.787	1042606.638
1892	1086191.946	1042606.638
1893	1086199.76	1042606.638
1894	1086201.899	1042606.638
1895	1086216.85	1042606.638
1896	1086225.377	1042606.638
1897	1086135.751	1042606.638
1898	1086122.956	1042606.638
1899	1086080.482	1042606.638
1900	1086052.697	1042606.638
1901	1085961.733	1042606.638
1902	1085953.386	1042606.638
1903	1085948.585	1042606.638
1904	1085974.307	1042606.638
1905	1085962.579	1042606.638
1906	1085975.229	1042606.638
1907	1085976.297	1042606.638
1908	1086051.792	1042606.638
1909	1086122.989	1042606.638
1910	1086141.794	1042606.638
1911	1086221.208	1042606.638
1912	1086272.592	1042606.638
1913	1086249.491	1042606.638
1914	1086271.562	1042606.638
1915	1086275.519	1042606.638
1916	1086225.393	1042606.638
1917	1086238.358	1042606.638
1918	1086297.593	1042606.638
1919	1086379.801	1042606.638
1920	1086358.772	1042606.638
1921	1086398.962	1042606.638
1922	1086399.833	1042606.638
1923	1086460.182	1042606.638
1924	1086564.954	1042606.638
1925	1086754.886	1042606.638
1926	1086623.336	1042606.638
1927	1086643.315	1042606.638
1928	1086674.857	1042606.638
1929	1086687.512	1042606.638
1930	1086736.543	1042606.638
1931	1086754.544	1042606.638
1932	1086772.186	1042606.638
1933	1086930.352	1042606.638
1934	1086824.567	1042606.638
1935	1086702.22	1042606.638
1936	1086748.556	1042606.638
1937	1086990.24	1042606.638
1938	1086935.68	1042606.638
1939	1086948.597	1042606.638
1940	1087007.262	1042606.638
1941	1086969.091	1042606.638
1942	1087029.288	1042606.638
1943	1087110.722	1042606.638
1944	1087177.97	1042606.638
1945	1086980.768	1042606.638
1946	1086972.675	1042606.638
1947	1087216.281	1042606.638
1948	1087236.929	1042606.638
1949	1087242.455	1042606.638
1950	1087267.977	1042606.638
1951	1087223.015	1042606.638
1952	1087216.252	1042606.638
1953	1087348.88	1042606.638
1954	1087338.869	1042606.638
1955	1087368.147	1042606.638
1956	1087294.316	1042606.638
1957	1087422.99	1042606.638
1958	1087489.314	1042606.638
1959	1087554.407	1042606.638
1960	1087529.351	1042606.638
1961	1087472.5	1042606.638
1962	1087487.462	1042606.638
1963	1087533.246	1042606.638
1964	1087561.699	1042606.638
1965	1087562.363	1042606.638
1966	1087675.72	1042606.638
1967	1087614.201	1042606.638
1968	1087723.342	1042606.638
1969	1087695.37	1042606.638
1970	1087886.656	1042606.638
1971	1087904.831	1042606.638
1972	1087941.519	1042606.638
1973	1087910.782	1042606.638
1974	1087969.515	1042606.638
1975	1087972.748	1042606.638
1976	1088004.377	1042606.638
1977	1088100.283	1042606.638
1978	1087904.567	1042606.638
1979	1087909.341	1042606.638
1980	1087951.465	1042606.638
1981	1087915.375	1042606.638
1982	1087944.91	1042606.638
1983	1088008.205	1042606.638
1984	1088073.172	1042606.638
1985	1088222.511	1042606.638
1986	1088269.052	1042606.638
1987	1088352.623	1042606.638
1988	1088440.64	1042606.638
1989	1088430.296	1042606.638
1990	1088470.67	1042606.638
1991	1088470.19	1042606.638
1992	1088408.898	1042606.638
1993	1088455.952	1042606.638
1994	1088443.052	1042606.638
1995	1088379.704	1042606.638
1996	1088798.102	1042606.638
1997	1088795.146	1042606.638
1998	1088885.656	1042606.638
1999	1088905.048	1042606.638
